1,2023-05-16 22:16:22.971691,2023-05-16 22:17:22.971703,1
1,2023-05-16 22:16:22.971691,2023-05-16 22:16:24.581473,1
test2,2023-05-16 22:16:49.713203,2023-05-16 22:41:49.713215,25
test2,2023-05-16 22:16:49.713203,2023-05-16 22:16:51.613255,25
test3,2023-05-16 22:18:07.375042,2023-05-16 22:31:07.375053,13
test3,2023-05-16 22:18:07.375042,2023-05-16 22:18:37.505157,13
testing5,2023-05-18 17:57:23.682886,2023-05-18 18:17:23.682902,20
testing5,2023-05-18 17:57:23.682886,2023-05-18 18:02:27.647032,20
test_task,2023-05-19 00:49:33.520811,2023-05-19 01:14:33.520816,25
test_task,2023-05-19 00:49:33.520811,2023-05-19 00:49:48.164021,25
test_task,2023-05-19 01:13:52.475711,2023-05-19 01:38:52.475717,25
test_task,2023-05-19 01:19:06.300469,2023-05-19 01:44:06.300475,25
